,0
0,-1.4930251098402976
1,-0.5333121039519714
2,-1.326038571000505
3,-2.3126357658037935
4,-0.9020748429897432
5,2.4298971606912727
6,1.800520566428145
7,0.1570944715298979
8,-0.8451996858442393
9,1.370456841107699
10,0.3596032990844753
11,3.1601470486263397
12,-2.280051206850589
13,1.7004734558402677
14,-0.0955778287968979
15,2.445403530525919
16,3.3872780732796994
17,-2.588264860759767
18,-2.2432133830871703
19,-0.18392631708905796
20,1.7118985047622526
21,0.3174405636870959
22,0.8853938316750989
23,-0.4876708450946539
24,3.6305703984554043
25,3.91327707439033
26,-2.5137547999693592
27,-1.6086802952767802
28,-0.8512159182644046
29,-0.6403985997766957
30,-1.1563985829780188
31,4.669663236297688
32,-1.110209510951651
33,-0.27859061970041715
34,0.5471179625155981
35,1.5227085876463664
36,6.679643177376394
37,2.839137882844323
38,0.8622454304386901
39,0.42875972642823074
40,-2.5729474287639857
41,-1.8595594265609456
42,-0.16811020625258974
43,-1.0156423247703172
44,-2.318739771083058
45,2.4513727333840105
46,0.5125620992018676
47,-0.22385182921292898
48,0.423302299150716
49,0.9758949840279545
50,2.202222719746533
51,2.5204896084160704
52,-3.216898761376372
53,-1.2333710188127325
54,-5.784109280021753
55,1.3101049008444188
56,-0.1867584712539996
57,1.3666368614920874
58,2.471062424871955
59,1.917208832225042
60,-1.1436389656853039
61,0.8621426254959837
62,-2.703976979658238
63,-4.278770103121368
64,-2.466105913601451
65,2.1199264255062698
66,1.1650451980729408
67,-0.4674820689998756
68,-0.34954444572678967
69,-0.2443478092592116
70,3.565860565059307
71,1.1543444113022814
72,-2.079523745260195
73,1.2993813358247959
74,0.6351521257397641
75,2.8735371751086602
76,-1.5688420596152783
77,2.6208402475498978
78,-0.9984942805229797
79,-0.16461595322384281
80,-2.3259166862801335
81,2.6527006349886597
82,0.17291755052832733
83,-0.13096551326467806
84,-1.116935656817732
85,-0.7094383709372177
86,1.5862969804493097
87,2.5145224659766288
88,0.9596087478024663
89,-1.2919328907351109
90,1.9914995821150954
91,-0.44040412956208835
92,0.8692736264189556
93,1.6431622385375655
94,-1.982199066769497
95,-5.909929605715024
96,-0.9708237744857724
97,-2.563293403412499
98,4.096009449100265
99,1.189631326365843
100,0.2921443556357231
101,2.1235026005214745
102,3.6549147658158954
103,-0.06602968284248642
104,0.9148277665095761
105,0.3973424549116245
106,-1.6872081774105252
107,-0.6762123758497013
108,0.4609527881311984
109,-0.20795803739884552
110,-2.852934303938706
111,0.4168035539056083
112,-2.019097761375409
113,-4.4291072527224555
114,0.8079801425944878
115,2.6587888484763567
116,-0.2402103924863374
117,2.804276458615186
118,-3.9987495506569966
119,0.5255229964988746
120,1.757910779834498
121,-1.1058372357360071
122,4.435459907287483
123,-1.410213066218195
124,0.050925962333280075
125,-1.0002982381089764
126,0.9433991923435014
127,0.5567545164250571
128,-2.0554842503421105
129,0.45936335676763757
130,-1.9269417326537615
131,1.0149809782453965
132,1.8492189772776444
133,0.08261682571173777
134,1.0570157669515647
135,-0.2142042864190242
136,0.5520378590805075
137,-0.46598083001365337
138,6.44645574498822
139,1.3662882391994606
140,0.1276083743473721
141,-1.11690495495735
142,-0.40567513850975384
143,2.70721266119875
144,-0.8324845811871848
145,0.8792582915477082
146,-2.5976078620664644
147,-3.6762974755284215
148,-1.5023212759138833
149,-3.482549502367457
150,3.3382939078708223
151,-0.6241785380911089
152,-1.4247150122728154
153,-0.8508566955370667
154,1.8250883318236326
155,0.5424770960987606
156,1.1650187918189625
157,2.8543006383101006
158,0.7949774364935441
159,1.7997288822890654
160,1.8184864927712385
161,2.7417010188482958
162,3.0317963262311913
163,1.2132406589862044
164,0.25139207172540756
165,1.5281774042729168
166,-2.410502081548942
167,1.1708833449931308
168,1.6564836454877083
169,0.47275315588488276
170,-1.3743225792066032
171,-3.2645447818411424
172,2.239082088693965
173,1.3340588217386158
174,0.6556317448797919
175,1.0745424099565692
176,1.5360135544500408
177,-0.6504267070032637
178,0.8876501405531408
179,0.143248505712171
180,-1.0017264288541239
181,-1.758412379574396
182,0.8229780592464963
183,-1.6396609665133752
184,1.2344088934014286
185,1.9723071176371767
186,2.1198921419251824
187,-0.7026745002455025
188,-0.9033076605023124
189,-0.5376706659757001
190,0.39673920832361215
191,-2.8892248952025215
192,0.6265450381494619
193,-1.586537940259337
194,1.6768718254422248
195,-1.002862238460556
196,-0.37294468114580864
197,1.2681787804399598
198,-3.0316612978241673
199,-1.449688172129663
200,-1.1054917984816075
201,-1.0082610229474855
202,-0.4416361263277701
203,1.0616489498408623
204,-3.143130348792332
205,-0.5901968635583578
206,-4.1880092687964465
207,-1.7366927786856188
208,-0.0548411920582356
209,-0.4094827433602234
210,1.0198551358577135
211,0.28275568901964526
212,5.129605066421295
213,2.973224686098323
214,3.0328751098360245
215,1.9850921670684347
216,3.5674250834082706
217,0.07296059108825619
218,-2.2744917108329266
219,-0.40353274374149967
220,-0.32935948002852133
221,-0.6999345373732276
222,-2.0126537178895365
223,3.468878299142837
224,-4.2049964150500285
225,-0.6281975703567444
226,5.8546055284353145
227,0.8679973744717355
228,-1.9176740589142933
229,0.19848542286771956
230,-2.9638652335517848
231,-0.5380161220300268
232,-0.21295527933184882
233,2.200176584430882
234,1.1586591108496325
235,-0.388281961103357
236,-2.0100587096966516
237,-0.5244707451959862
238,-0.6321447050364865
239,1.112045508587305
240,4.438572070541084
241,1.26566180010076
242,3.707107493555102
243,-0.7918338138662402
244,0.43556458725193975
245,-0.4961695754409903
246,-1.1641719321454178
247,3.2273488868326354
248,0.38641328779814665
249,0.5694699853490962
250,-1.0618755930265362
251,0.4698896427117997
252,-1.677110128120785
253,0.23342611562517993
254,-2.045638324250875
255,0.202111239209743
256,0.14155782223500077
257,3.1441438082718958
258,-2.9298683466429574
259,4.30340275274534
260,0.5426729621281152
261,-0.590142241884287
262,2.6248761329811496
263,-1.3691040274779538
264,3.195368134671008
265,0.6946811183529971
266,3.938381646741284
267,-1.0273740598639727
268,-1.9732114233035627
269,-2.8005432533731835
270,-1.5451670070849506
271,-2.1839768207760324
272,2.870259026458302
273,3.139616252409483
274,-1.5767773613519456
275,-1.2102231411075757
276,1.8028991289872045
277,-0.3961174501447956
278,-1.3482732716076224
279,0.053441577895051225
280,-1.780823634155421
281,0.8458054082307628
282,-0.9025341250202351
283,0.2655855730884821
284,-0.7600284570709969
285,-0.049169173873960643
286,-1.124757437938521
287,0.9265873471170405
288,2.0208763398972756
289,0.06485373758861478
290,-1.159485653013631
291,1.47718727122083
292,0.5916202269432244
293,-0.5306918225479378
294,1.1746238848892498
295,-2.4499529807928715
296,1.3609026328315694
297,3.5776847256619955
298,-0.2818826186547625
299,-0.6726720783077484
300,-1.1997267909220477
301,0.5533088228231243
302,-3.4885964175678854
303,-0.1370801493510183
304,-0.23246871854202736
305,-2.335863840903486
306,1.4597426784388783
307,1.1341175729932516
308,2.3241915340354913
309,-1.3063665566453595
310,0.5695056273678206
311,1.8385043629571476
312,-2.236719412929178
313,-2.0878975597415907
314,2.891056544254695
315,2.3901542289826447
316,-1.540103848330328
317,0.9883390670260109
318,-3.7792755869212296
319,1.059456017535174
320,-0.2243760639814909
321,-1.0834784589288529
322,3.063000025152649
323,3.4088675670701796
324,-2.164917028687999
325,0.053220963161265844
326,1.696346531976742
327,-0.8321945226731228
328,0.4973977227914304
329,0.7480748278914731
330,1.855451517290251
331,-1.8420886154775076
332,1.7442093260877929
333,-1.9157444494930056
334,3.254021686491629
335,-1.9756632952434219
336,-1.5404953989338024
337,-2.4451094691026825
338,-1.1232930278894595
339,-2.339624366447943
340,1.2663093317999052
341,-1.174949173755629
342,-5.233739009202973
343,-1.6980352883745768
344,1.2735073107562596
345,-0.8785756244690026
346,-1.832734811709912
347,-1.507591300725711
348,4.328681620297981
349,3.131860582477721
350,-0.8438340678297371
351,1.8110875668029338
352,4.008102152450976
353,-0.829245429134414
354,0.6629233758210075
355,-1.835569681317142
356,-1.2989331284579473
357,1.356083812467073
358,1.0602944624316175
359,1.1561074835884138
360,-1.9883117210913948
361,3.2424185267916843
362,-1.4836427716490563
363,-3.0519979458652875
364,2.355289537679094
365,-0.671593274466985
366,-2.2191918411839264
367,-0.4975318540045156
368,1.7543812481803274
369,1.7416179800579779
370,-0.3235987561403111
371,4.8067415898911525
372,1.083843515848022
373,1.9239488243316158
374,1.6625839687272719
375,1.2910044997946073
376,-2.3758207681780825
377,0.6175808700730696
378,-0.718824208325994
379,0.936354982358382
380,-1.6429126270540924
381,-1.1271385373715825
382,1.1011301788031194
383,-3.4142844919170563
384,-3.285254538529027
385,-0.7358242196458623
386,-1.1613510094933157
387,0.9332229710238843
388,0.5302106534919917
389,-0.223615819509029
390,2.293628833535503
391,0.6432568545243446
392,3.948818172380228
393,-1.4403045520757127
394,2.6143964841920337
395,1.0902778839788336
396,-0.24950461550118017
397,-0.07709787424941521
398,-1.6271671096166027
399,-1.5261910292956158
400,1.0252109086166756
401,-1.0209675640988851
402,0.4638462232235683
403,-3.8225997767517033
404,1.7950543780640122
405,1.310270645095805
406,1.6579869902376523
407,1.8451177921254311
408,-0.4017941665468788
409,-0.17476928174539094
410,1.9722241811806565
411,-1.7452666808742248
412,1.2151455985445616
413,-2.0498351587473778
414,0.08073475291817055
415,-1.8315473781662799
416,-0.31264348677035225
417,-1.1373476749537825
418,-6.274231328091939
419,0.15876507980101787
420,-2.409102704854841
421,-0.550222961603868
422,0.713090346218618
423,3.242800052789619
424,1.6894278001098675
425,-2.0160284576983853
426,1.7953729731956398
427,-0.704966863317942
428,0.020377432395813258
429,0.28834058397371287
430,-0.5473917090861482
431,1.790028117967081
432,-2.8720085514820335
433,-2.22494227190832
434,-2.909426003526308
435,4.727974081832983
436,2.2419883378320273
437,1.2014317277306037
438,2.880474656267801
439,0.8190823441227842
440,3.516558559514739
441,-0.6069999805564688
442,1.2354915343928865
443,-1.8801755030012686
444,1.399247609970489
445,-0.29378459433835324
446,-0.5880354504187408
447,0.9054000133450345
448,-1.0420805864708182
449,1.5065825323230715
450,-2.8205106128452573
451,-1.8100393438963451
452,2.1709595537473647
453,-2.026771480476295
454,-0.7827061885386332
455,0.8817262075688569
456,-0.3245953101846392
457,-1.0263343622730166
458,0.7703774514431686
459,0.34151711956380376
460,-0.6493430749786981
461,-1.7429376651969215
462,-0.2797418583716511
463,-4.057256754280248
464,-0.393906782834268
465,-2.3603489254872616
466,-1.06376663069665
467,3.782225074710056
468,3.51602872456323
469,-2.645885006337004
470,1.1512218965216465
471,-0.40445922289232694
472,2.192513634679266
473,1.3509522418734485
474,0.10634744430183957
475,0.2883405928532748
476,1.2064023067269796
477,1.6948315822801516
478,-2.44960431650715
479,1.5466418236147048
480,0.8737546833229989
481,1.242210724905465
482,-0.5659637415691127
483,-2.0432033100743507
484,3.4383264149572885
485,-1.0780200129565967
486,1.6284268080821074
487,1.0069397143978396
488,0.9171618768702644
489,1.0194666440070543
490,-0.47999865482888227
491,-1.481826582674257
492,1.2563413508277717
493,-3.070868301811053
494,-2.853987079449484
495,2.220934510712291
496,0.8239610692628995
497,-2.097869845929004
498,-0.9091796786579877
499,-1.0858112322613171
500,-0.1283625945335215
501,1.8392605563410307
502,3.7617839942505293
503,-0.8996232510368072
504,0.8582409714999194
505,0.9439697878379655
506,0.8390277937297429
507,-1.397058796835773
508,-3.966814594279152
509,1.5944790429253244
510,0.8938805079006693
511,2.045642565996693
512,-0.7300235211520952
513,-5.246451610634909
514,0.14394174123441647
515,-2.8060133678724224
516,-2.7955668938317353
517,-2.1584281882105323
518,-0.6979522511905671
519,-1.2568547568976443
520,-0.24225165747681113
521,-2.1388336961498426
522,-1.772005522591649
523,-2.395294593963591
524,-2.2158730919537954
525,0.9846103643695061
526,1.3218280964799654
527,-1.5106250990691474
528,0.11809292218670901
529,0.7630675481212056
530,0.7954012442127094
531,2.698598550943198
532,4.3131046377205156
533,0.5766907486213186
534,2.8623933801486867
535,-0.07278577500851391
536,-1.5874643065945164
537,-2.3474994017779545
538,1.3918155421603005
539,-3.116341225737955
540,-3.4071207331760887
541,-0.10217380331184162
542,-1.2016373208201423
543,2.3112376953803357
544,2.899625777508467
545,-4.04823675487047
546,1.4694654721276414
547,-0.15472829922493095
548,-2.095608589823994
549,-1.6591810365882846
550,-1.140790364209585
551,-2.186900430387686
552,2.2006755762879986
553,-0.8294967223313231
554,-1.9444677729180275
555,0.5391952229489612
556,1.090099856986587
557,-1.0118156380290388
558,-2.2789395956906597
559,1.7657079260531208
560,0.5067430241072425
561,-1.8477741137256818
562,-0.3958538582851224
563,1.9572153922170645
564,1.8813506110470641
565,-0.25109161707233413
566,-0.954548190071639
567,0.9045252186594988
568,-0.32867515361861843
569,0.3165699383701363
570,0.8559621912134499
571,1.2253861267599961
572,-0.3509668159642325
573,1.5517492476496815
574,-1.1454764762988254
575,-5.074554812639813
576,0.9343671954615268
577,0.6923658656071443
578,-0.34877087274080115
579,-0.5542821145173694
580,-1.3629817896408225
581,2.4847659595738687
582,-3.930193917457602
583,0.8863265715285812
584,1.2086316460525743
585,-0.7776796275558798
586,-1.2481624334621462
587,-0.03828130938705737
588,1.2172972117485696
589,-4.103918166607168
590,-1.0668372115687932
591,0.1375278819308689
592,2.9146863536269145
593,-3.8611543323083484
594,-2.1319753405349466
595,-0.013722832195258793
596,-3.350144179613621
597,-0.2029304768479815
598,-3.7199442050104548
599,-2.091457916148275
600,-0.7163779655281397
601,-0.8200892947453472
602,-2.0602597352809835
603,0.8295196594708688
604,-0.6505062971607721
605,0.4360660556939788
606,2.053772919886847
607,-1.30373592824165
608,2.0689137350138163
609,2.2411547954824136
610,-0.8181662515772957
611,-0.9142151534630493
612,2.8001599391404266
613,1.132544017861667
614,3.7122804890117305
615,4.174712502672722
616,-2.4788636609877277
617,-1.061451449406517
618,3.907841172579667
619,-0.14400266292260894
620,-0.6779269921568964
621,-4.964992002889607
622,-0.7640671908886566
623,1.5179338012420123
624,2.05406438342006
625,0.2742737190473098
626,-1.9307729972503251
627,0.38833536398164603
628,-0.37086903411527966
629,1.4078283459419592
630,1.1749540407288723
631,0.7653184951103704
632,-0.43907111310461516
633,0.44950363203640625
634,-0.047261177261487326
635,3.7102691276011144
636,-0.6996425298151965
637,1.582779334703478
638,-1.446265093403157
639,-0.20470005007945505
640,1.374550576547157
641,-0.06202944421478205
642,-2.7099687269893344
643,-2.658691380715879
644,1.141236241733909
645,-3.3699804644801583
646,-2.9940638192492113
647,3.2146092191108857
648,-0.5172267750241138
649,-0.36737603481111536
650,0.03641636924104446
651,0.7226663071513032
652,2.0989252089482964
653,-1.192892865500735
654,1.4647073345311294
655,-1.2512155310273991
656,-1.2872988186373049
657,-2.9937618581235825
658,-1.7662500575611308
659,1.6252489071419158
660,0.428907126575067
661,2.938703953119654
662,-1.1755712860744811
663,0.591570721630296
664,-0.7146269942756209
665,1.4944342528634198
666,-1.0206405546126507
667,-1.1910880258819045
668,2.0705930682424105
669,-5.514955752536709
670,0.7075516320637241
671,-0.7848299790656537
672,-0.7187936585910698
673,-6.391619210296826
674,-0.8091756685516149
675,0.9466153164009244
676,-2.549112766499361
677,-0.8195113774386357
678,-1.2361390432754114
679,-0.18050851720218627
680,1.812079961300498
681,1.0790041411136826
682,-2.5847526239773795
683,-0.22973996035037683
684,-1.0978836415460196
685,-0.4498557676322221
686,1.214290940297273
687,-1.644318282294053
688,1.2849113746728216
689,0.7110754064090952
690,3.145975640971008
691,-0.34334204506715604
692,-3.0673980740060003
693,-4.180454599906276
694,-1.7182046486771454
695,-1.4501673220872229
696,1.0821768484208918
697,0.7513437163615428
698,0.5611225934343129
699,-0.8031104731091919
700,1.4459958857610402
701,-3.786030527118218
702,1.6780312024406416
703,-1.2791462917791214
704,-1.550489409615216
705,1.4447361860440429
706,2.6038552843310128
707,-1.7884753752028677
708,-0.03365310488305569
709,0.44922898914730997
710,1.4145561250115153
711,-0.017355087944599577
712,1.657860290459341
713,1.7508618757507781
714,3.5384836921917087
715,0.6642033348801715
716,-0.9493477412239082
717,0.8740660160202427
718,-1.857679459926146
719,-3.4795357251479677
720,-1.4266978346336396
721,-1.5543703525484356
722,-0.04014198387997412
723,3.9247785258011794
724,0.749678510696871
725,0.06673494618913076
726,0.6647513243920693
727,2.1596347561682627
728,2.117044777216607
729,-0.38228602481724117
730,2.2308429659113522
731,-1.305504252532365
732,-0.27731135924751665
733,1.4121179264771337
734,-1.7838471190935783
735,0.36908631035317874
736,-1.2704495329296093
737,5.573280785553783
738,-1.5369026954935865
739,0.5326062707470997
740,4.990103640894307
741,0.7998775942639993
742,-0.4832534123836217
743,-0.16927412213469087
744,0.9801273795507185
745,-0.8875087954517045
746,-0.24904112899627026
747,0.8057271584460152
748,-0.7996743376705905
749,-1.9803510435878795
750,12.142393481678946
751,11.494878644440213
752,13.807291092857369
753,9.070968485952251
754,10.361191806632975
755,11.50822489478542
756,5.156532203729863
757,9.146420431876852
758,10.628131960301303
759,7.592424568940108
760,9.26120978056327
761,9.337228251349938
762,7.831269895492218
763,11.75977154807797
764,13.064680872581718
765,7.83994488161761
766,9.347300797989408
767,8.382345594283386
768,12.90439269508688
769,11.322246468255155
770,11.16790527661808
771,9.91563192168838
772,10.137566362556784
773,15.871827182426303
774,11.999509434104993
775,11.247959371922395
776,9.946805700825063
777,6.432681949709604
778,8.517232363896687
779,8.330469689859182
780,-0.282776746073246
781,8.455627169382229
782,11.772514184539915
783,10.412745652198026
784,6.491289101858416
785,9.092157182743852
786,10.840150985159488
787,11.778564836535889
788,7.853501617975157
789,9.782442548433044
790,7.120106281544352
791,7.051022344816927
792,9.613978370823716
793,15.768716829934682
794,11.710778086641293
795,11.198360976296613
796,5.807978322221693
797,12.473510119191296
798,8.224429904219345
799,11.241487549632028
800,14.817852892076752
801,4.431992814976095
802,7.1386085657732705
803,10.050882420933736
804,13.999296086271897
805,12.017189010135679
806,12.8073394656913
807,10.326191556830516
808,8.01593509510677
809,6.997922388832633
810,7.2037201623336635
811,10.101312506143985
812,11.905010361783933
813,16.674733800103084
814,10.937369271159234
815,7.141342094719629
816,10.810083535633046
817,7.831371903729972
818,7.583681236703691
819,8.092995774096009
820,14.017417285195712
821,14.78066312837419
822,11.627800509888019
823,5.979213307343167
824,13.195081475484447
825,3.6335852416511703
826,11.105203878803053
827,7.633007532021155
828,6.2212233727570325
829,9.260105693209685
830,10.64323303425537
831,7.466890952968027
832,7.499863835510534
833,6.7534374229001255
834,8.66846622278818
835,12.633566024550888
836,7.4780841279779064
837,10.08358151776304
838,13.830077649791427
839,9.135443765370182
840,9.687847632049793
841,5.155968956662456
842,7.564720166074652
843,6.038603563976279
844,9.91035023265119
845,6.395881666414697
846,9.144623257129469
847,9.705111955394477
848,12.249717786186183
849,7.398303568950625
850,11.847603444407497
851,6.57552118479767
852,8.291375841434252
853,8.995297696885123
854,17.53044115972329
855,5.050318755260092
856,9.415887368768939
857,11.553583000471772
858,8.849590698073055
859,15.42186076205439
860,3.2520972436684747
861,6.2512074689855535
862,7.8495136369982506
863,12.241312868508803
864,12.05680954911126
865,12.216689924634894
866,12.188031599849044
867,5.424477228476841
868,9.992463005134779
869,5.427853432530619
870,11.655480572428647
871,12.865242633244078
872,14.7172548560468
873,5.656662447689882
874,14.961375302232668
875,8.94040194361001
876,12.506267743797803
877,12.286788784336888
878,13.043636870966946
879,10.404043923099037
880,6.814278860393528
881,17.136354898865083
882,9.636272190303595
883,12.019134670903838
884,10.55220388215743
885,6.972923392274797
886,8.297641156722797
887,13.533446555095521
888,9.663475809164039
889,10.93038529868321
890,6.891758084121315
891,14.565144599413149
892,11.975080868906737
893,14.866249968472342
894,7.20839286985059
895,6.725356841885477
896,11.05654247622692
897,8.542260827646894
898,8.435688842508572
899,7.78872372627291
900,12.86229112399497
901,9.989160168907668
902,9.525591600518013
903,7.6025121752830565
904,8.927536054444282
905,8.47814457967483
906,8.703941042514595
907,5.000035308427268
908,13.090250720519457
909,5.946462560818581
910,8.062594172126188
911,9.764415992013358
912,12.015017568270775
913,12.225804321590788
914,6.122627324829015
915,9.616886180271495
916,9.291819351254066
917,8.091079118770109
918,8.695055042726528
919,12.507388770600866
920,13.78355099490194
921,16.776877735604646
922,10.648413554622849
923,13.254804757663218
924,7.808995095092574
925,3.5682524342584223
926,9.957178352453832
927,7.930901040273845
928,16.428927236236376
929,16.493736310266208
930,13.910521438252243
931,16.08814064445484
932,7.636027537810437
933,9.571242550705586
934,10.260130202169174
935,15.404003291765683
936,4.301256791178799
937,4.937347374907234
938,8.429409952637622
939,11.61170907565694
940,14.436464696575317
941,10.639333796358361
942,6.1452941150637175
943,8.981890520949735
944,12.395439735418611
945,9.733962841315414
946,14.907382024310305
947,15.8839989359738
948,13.50967559951442
949,11.824358883013826
950,15.143924272430024
951,8.79027566293544
952,15.976437460945707
953,9.675460062683358
954,7.461017631387081
955,11.126951095264277
956,9.410296723264583
957,14.518768866222842
958,9.701841882999172
959,12.071009310809167
960,11.056772076794912
961,10.934167707057206
962,8.755359602502793
963,9.673123959707915
964,7.564005432958819
965,10.409535791490747
966,12.6403365886844
967,7.101528131275888
968,5.266986337773201
969,13.222819224931168
970,12.115400340003413
971,9.481303017148104
972,13.12680155479017
973,14.354138438843862
974,14.313492570215725
975,12.286658091998536
976,9.09561901302843
977,16.00989357411889
978,9.597177612066247
979,11.246203728267963
980,4.9122271179844175
981,9.19177674697913
982,9.210653338655284
983,8.932849513190448
984,3.8979891268455056
985,7.3253931990998975
986,8.342431042237031
987,5.1385716492665905
988,16.569841887181056
989,6.95803570527945
990,11.616113518771025
991,7.88305453675134
992,5.964173587487647
993,11.58352642285406
994,3.6723810512151953
995,6.5925273676021305
996,11.038032728078386
997,11.627089426146261
998,14.518904177510036
999,8.488134101890711
1000,7.032028994991503
1001,5.648329129261062
1002,14.185641036502942
1003,9.71093849560986
1004,7.90706450850786
1005,10.046830165194256
1006,15.24654391960841
1007,7.466431998514292
1008,6.837953138001772
1009,14.234347430983323
1010,7.87026843103413
1011,11.751059895870872
1012,12.452968082360979
1013,9.791456127235996
1014,10.337609099131662
1015,12.551269774465025
1016,12.243866888373292
1017,8.285743301891696
1018,9.487684370238755
1019,2.1764685382401723
1020,9.574187667937554
1021,8.109571292243347
1022,8.04430050572492
1023,10.493368964461563
1024,5.690845863124876
1025,7.340710006808094
1026,14.065782081249168
1027,14.48095405258055
1028,12.663668245854078
1029,9.333131180963163
1030,9.457349805553893
1031,11.836153135826521
1032,6.530738717593851
1033,11.530656503635562
1034,10.865295391022544
1035,13.90214469206154
1036,9.544931231208546
1037,4.3311752623363615
1038,11.967093614330256
1039,14.017431624123422
1040,11.68371481099938
1041,13.49923704383114
1042,13.222324122042153
1043,12.709194540787236
1044,3.628050857536029
1045,14.60448679578202
1046,10.661771805531968
1047,8.145940654081754
1048,9.26902533906659
1049,11.503547267693424
1050,9.370496457801373
1051,10.745547639844899
1052,9.784845917558828
1053,5.173278832415161
1054,15.880753814661674
1055,17.343612707728
1056,11.123475907588727
1057,14.776749610348933
1058,10.566590018278568
1059,12.20248693263303
1060,10.630101795184519
1061,5.1936443212110035
1062,12.060981535772267
1063,8.688972609217673
1064,10.724233958600662
1065,8.16810701604629
1066,10.580756381771979
1067,7.4701758417487625
1068,6.46450078150815
1069,9.33650123807134
1070,5.092174549908956
1071,8.702968670568602
1072,3.614665888355095
1073,13.698602851476256
1074,7.819220384593412
1075,5.448632615566096
1076,10.031796531175274
1077,15.97642047363626
1078,6.941577152326713
1079,7.92517518425446
1080,15.52342977666019
1081,9.500931402750629
1082,10.998781209671497
1083,12.244173796617327
1084,13.790832585236306
1085,15.701319147963956
1086,13.137806766742791
1087,12.063411193474309
1088,8.569821478701662
1089,5.137524027289546
1090,7.661658845381877
1091,6.955298545058824
1092,11.34481522813194
1093,5.1852893938895095
1094,5.193282286668296
1095,5.103237673878406
1096,8.345326696131927
1097,11.644810929049676
1098,7.023973688691565
1099,7.783222899962273
1100,12.815759148523625
1101,9.068084655507123
1102,10.10055729886756
1103,7.484025110613092
1104,5.323017831123853
1105,17.726032261346536
1106,8.33230203629077
1107,13.61506651695355
1108,4.733738176161523
1109,8.109557800825328
1110,7.456262756478834
1111,5.613920354930466
1112,12.74261041995309
1113,6.874639960844065
1114,8.278431531788108
1115,12.361900594636802
1116,9.81042616739474
1117,10.699686204670058
1118,5.054511112417105
1119,9.037874468281043
1120,11.206341329870305
1121,8.314065798562735
1122,11.991298217178777
1123,8.273656185616936
1124,10.837217222707556
1125,11.021061901122632
1126,10.839322788375174
1127,8.103420345610981
1128,13.747056688826602
1129,6.679790755587165
1130,11.718661416095205
1131,9.71507402160782
1132,11.186789359934862
1133,7.01087361810675
1134,12.926875925380028
1135,8.067019230254663
1136,14.28018731751857
1137,15.504865114588705
1138,9.954536505210152
1139,8.809389530079445
1140,9.656590050148177
1141,5.509255058539084
1142,10.535528779608441
1143,10.924930569912995
1144,10.454850096353903
1145,8.288186677823163
1146,7.594434970046366
1147,11.564200411235074
1148,9.46447142594468
1149,13.765519736431713
1150,11.431983901058857
1151,12.397756023542176
1152,8.519868682234424
1153,5.227135265794984
1154,7.750354963301876
1155,5.584738896082202
1156,10.12109747032878
1157,19.00267239615605
1158,12.573972691099076
1159,2.747363153273273
1160,10.893478297495886
1161,7.396707163777485
1162,8.547402189710663
1163,8.640035342321259
1164,7.9993994517402065
1165,9.05853405205093
1166,7.581427152846199
1167,7.068237016675038
1168,8.868689195776016
1169,10.984442384627062
1170,7.93669381489174
1171,7.772771424522273
1172,16.907301506571237
1173,7.9099321150099815
1174,16.207250722856315
1175,11.704376863611781
1176,9.304913646426876
1177,12.661849535950347
1178,6.467107285491462
1179,14.347312410302322
1180,8.870730556242322
1181,11.436277056224462
1182,11.96215769291868
1183,4.556268125974985
1184,8.228514082861798
1185,9.413383568154439
1186,8.439540070892637
1187,10.495408314435586
1188,11.320955635379681
1189,16.283877145757735
1190,6.519228932937114
1191,11.99165110910934
1192,8.414621832543014
1193,11.853503385624489
1194,6.297340275024522
1195,17.166786399754105
1196,11.128635571482537
1197,11.94970987801031
1198,7.346028342727093
1199,8.367122992886436
1200,9.222216919443426
1201,11.984129654187893
1202,6.61194394377303
1203,8.790081154910322
1204,12.939556133995287
1205,7.082684737122824
1206,8.453361316594195
1207,9.982822238623063
1208,12.418591719348731
1209,9.335474713456978
1210,4.171388067803388
1211,6.374429116863316
1212,11.228335880666485
1213,12.75156233760437
1214,8.64306799046801
1215,6.680733885037255
1216,10.70800592624595
1217,4.947353301047229
1218,11.256810720686776
1219,9.289338998747118
1220,6.976828799503587
1221,14.292683061743107
1222,12.428263485656593
1223,12.542040441265316
1224,12.4491456392558
1225,8.778395885523908
1226,11.398494031753282
1227,8.955860813813642
1228,16.127373730045534
1229,9.522722765638822
1230,10.904554934645864
1231,5.5368967162489175
1232,13.145496447430492
1233,14.177001814237585
1234,11.496498314527715
1235,11.836540475334605
1236,6.102469846792557
1237,5.298751636504541
1238,17.59550539990945
1239,7.725128859722207
1240,11.63320528017701
1241,8.01268275725399
1242,6.218683056069018
1243,5.243594631907521
1244,11.008965534882224
1245,6.302167290730225
1246,9.39787869171774
1247,11.14476099080465
1248,6.554224807149052
1249,5.180868042310332
1250,6.702289416446802
1251,9.616422570683673
1252,10.291824865600514
1253,12.762343117916796
1254,11.72622799622576
1255,7.808162101581728
1256,8.262987115463842
1257,7.318185843935115
1258,11.852290879978138
1259,14.142157322103024
1260,8.561812638752471
1261,15.037243966244331
1262,6.43542572995767
1263,5.756546550158571
1264,9.60755004324125
1265,11.26387395351891
1266,8.649216499836268
1267,7.529348484783092
1268,9.972483005561964
1269,8.316993646980723
1270,6.1871080216392755
1271,13.528558335791452
1272,4.812621700091265
1273,13.212783614235912
1274,7.098454692442097
1275,11.691650141625253
1276,11.803569190653242
1277,11.212836690086801
1278,12.523210514342246
1279,7.487366334380278
1280,8.70504694747223
1281,7.07469750371962
1282,10.10662305098913
1283,10.67352215128323
1284,7.271955710324546
1285,13.83155795496959
1286,9.636802177228603
1287,5.880465992045267
1288,14.704959567022868
1289,13.242377944777061
1290,2.8780889373367433
1291,9.203948930972201
1292,11.103716827588123
1293,7.792919276203685
1294,12.426493544357644
1295,6.37119804915314
1296,12.766647790958125
1297,12.028501724885842
1298,9.158100869126525
1299,11.23918625310917
1300,9.2008220864874
1301,2.76820955858521
1302,11.32648781178067
1303,9.53732297263702
1304,9.397072391863212
1305,4.953861229124463
1306,16.051373569742378
1307,13.5794193953594
1308,2.978162594283548
1309,14.671548854144891
1310,11.77576114679795
1311,10.886735481072872
1312,9.134637057765461
1313,10.58981658007087
1314,17.674795836631134
1315,9.810770113456595
1316,10.070799925811057
1317,9.571086883593809
1318,12.003153492702822
1319,6.038742187239067
1320,11.89630562895875
1321,11.690651915961297
1322,10.120194774045475
1323,11.892498703453434
1324,12.303041033060323
1325,12.725473082686696
1326,11.655399293109987
1327,13.808995350449672
1328,11.607779530246068
1329,12.73381729001693
1330,5.674708370223138
1331,11.577335937249739
1332,12.883659894466135
1333,9.640458549760343
1334,5.787682154136853
1335,15.56092799399035
1336,13.879765470176363
1337,8.00672170219589
1338,11.975384237782334
1339,7.4336823476418
1340,11.32035529122069
1341,11.910939082493062
1342,12.009902183540781
1343,13.620680578698845
1344,10.57128731208725
1345,9.315569082537301
1346,14.509220650018493
1347,9.08754785292722
1348,4.882398875743597
1349,7.760893074449994
1350,6.592730849868963
1351,8.607087816903965
1352,7.419743049364461
1353,11.927238523875493
1354,8.934112558637008
1355,13.016817259005906
1356,14.973600692054706
1357,7.985139619940079
1358,12.680385496663472
1359,12.322256043554598
1360,12.642251279750852
1361,12.004211281314852
1362,11.420279148191776
1363,12.962475912948872
1364,11.145579782744754
1365,7.7248787793647775
1366,8.64578524834579
1367,14.232403460616695
1368,13.634486509817432
1369,13.475834596735417
1370,6.407270929422699
1371,7.755429510571524
1372,15.999498144570506
1373,11.485837522169538
1374,11.721394188149917
1375,15.419957506132516
1376,8.570781979453196
1377,4.065523963739073
1378,12.987577603165914
1379,7.597144935393317
1380,11.835881438964096
1381,10.667538307278337
1382,7.30270895520552
1383,8.118772727026485
1384,7.4378382949161175
1385,13.345471348611962
1386,6.272244697533172
1387,10.978242669117844
1388,9.620433452432108
1389,5.535552258596735
1390,11.894953303860458
1391,9.062024717207796
1392,13.510590206524729
1393,5.197491020956411
1394,13.021972425937637
1395,8.412995931898006
1396,10.817557512844695
1397,11.118153312199151
1398,5.471536516593298
1399,12.619842649684081
1400,9.715253246825279
1401,15.343480568266127
1402,6.14033003608739
1403,7.243441293268674
1404,7.101285829897943
1405,9.267044771707027
1406,12.837068620846486
1407,10.337186348282643
1408,9.447617231851341
1409,10.99275326964063
1410,9.104701750833513
1411,6.898286382101538
1412,11.680537523216763
1413,9.87396708511684
1414,13.592922904545299
1415,11.349036751722076
1416,11.081780027563793
1417,11.09362726267982
1418,5.736726195826243
1419,3.925248290575098
1420,6.899369999103233
1421,3.633982965711672
1422,4.320655625702204
1423,7.871020050915066
1424,11.921555190479857
1425,6.667197184109861
1426,9.937315658441713
1427,11.019413432331081
1428,2.598919460871654
1429,12.415940475929238
1430,12.821845909113502
1431,5.56774996772363
1432,11.470900646869708
1433,8.889519943144183
1434,8.081508115694797
1435,7.678717748365285
1436,12.710782482658562
1437,8.087596029600435
1438,14.09206527234567
1439,14.950461178138106
1440,9.873990505883556
1441,13.054349096549203
1442,11.270753756818845
1443,7.162055420313472
1444,6.152831374515944
1445,9.85911023455052
1446,6.625932172952466
1447,11.69498722509122
1448,12.234277261923387
1449,11.785077161982432
1450,10.017732963208969
1451,9.03324983100944
1452,11.72339650832078
1453,11.486704311464656
1454,8.480069193976197
1455,8.631805319784764
1456,8.765474449880054
1457,7.671536656163024
1458,7.2012994832234805
1459,9.974240906787449
1460,12.524217512313891
1461,8.930794944697997
1462,8.003765327112813
1463,11.496193844485848
1464,3.0524796210159817
1465,10.098360546422894
1466,6.498732516422582
1467,9.991763807174062
1468,6.557215514963551
1469,9.794808633197094
1470,8.819597599887109
1471,8.90637279639229
1472,12.165548718130363
1473,15.119012505210895
1474,10.696780053770771
1475,11.567182191568115
1476,12.990746214978856
1477,7.54985213080332
1478,12.676320092814144
1479,14.035463030149778
1480,6.38891945311004
1481,12.03960669253522
1482,10.376301353267186
1483,9.673527201315311
1484,11.89399126282601
1485,9.958600161768624
1486,10.279132469527898
1487,9.501197297071284
1488,6.853883320689631
1489,7.523574767672407
1490,13.45996303548155
1491,11.419972102811144
1492,11.441904642053238
1493,12.854189708325125
1494,8.643141841323672
1495,16.618648796817773
1496,10.977366689265937
1497,8.253345818043979
1498,14.810080940198505
1499,16.831481411436172
1500,6.512465161186163
1501,8.652196498721302
1502,10.327106738047538
1503,10.462550878462755
1504,7.332496591134549
1505,11.035708191184048
1506,8.567708318039127
1507,11.044778155915346
1508,8.179201700398387
1509,10.681271810808965
1510,11.209792180579141
1511,7.012411437228046
1512,13.276593107303663
1513,5.924457651794694
1514,9.942203674452102
1515,8.7781014578011
1516,11.129184828669718
1517,6.480001778365862
1518,13.878060811376276
1519,11.308525073656961
1520,11.3343818457491
1521,11.08732289381707
1522,8.879354147428613
1523,8.518115284230737
1524,13.72355051684388
1525,6.497525452519088
1526,11.167647668213057
1527,7.720470722917649
1528,13.91151685748244
1529,2.84274366290839
1530,8.079527995899245
1531,13.47043888885403
1532,9.080348212754135
1533,11.383719881866488
1534,11.60846137144054
1535,9.139059832001633
1536,12.593876986338328
1537,12.808391995134865
1538,5.99219039255306
1539,15.579788504608793
1540,8.491797235893342
1541,10.534003560874234
1542,8.786221112589539
1543,8.758444706457393
1544,9.227499094275759
1545,9.012642930899789
1546,13.216381206291782
1547,6.576122890283813
1548,12.5615319258125
1549,10.334099788220913
1550,15.505718479022827
1551,6.247753871535444
1552,15.605252653199745
1553,13.33105674916115
1554,9.45138242782055
1555,8.387704162966974
1556,8.164956673821454
1557,8.732127514939226
1558,7.091917270497225
1559,8.639437872002363
1560,11.346581225956209
1561,9.031833838160178
1562,12.018383648105296
1563,14.305635666243246
1564,15.035080202520316
1565,7.87219363019886
1566,10.101783313964594
1567,14.519396330223973
1568,1.8605013279252098
1569,7.15319887318487
1570,6.908923324937034
1571,13.385212343039099
1572,15.551290368830402
1573,7.805243143762773
1574,8.07825276770941
1575,9.079321463648185
1576,14.300227683566366
1577,10.348528652493929
1578,7.873657043568736
1579,8.006908800594921
1580,9.440325644980623
1581,13.527605791016791
1582,8.626824145180084
1583,8.794146186267952
1584,10.012521440104253
1585,10.195382143583943
1586,14.021940215080834
1587,15.559361695403124
1588,7.622460714078021
1589,11.680180567144474
1590,13.982238013334692
1591,6.901021141472434
1592,10.81125787586103
1593,14.89558320189132
1594,13.567204563528467
1595,13.7441390864548
1596,8.16734915109521
1597,11.018786216729884
1598,11.855123124250952
1599,3.1206644633080645
1600,11.805949739855928
1601,6.2217763986716985
1602,9.165357197927152
1603,5.12587949289363
1604,10.135417826560262
1605,12.505501995185039
1606,8.256935397968297
1607,8.680672832267565
1608,6.658984757100667
1609,6.635944407710541
1610,10.044036478969197
1611,11.732573465424077
1612,9.859561612792566
1613,10.686646322109356
1614,8.797587147706022
1615,8.397037749434721
1616,12.218095989581242
1617,11.534194790629165
1618,12.28927927841049
1619,10.555353224260061
1620,12.90043038325731
1621,7.618382450971851
1622,8.836366277549415
1623,8.510999351306808
1624,6.903533890729996
1625,14.924321173328064
1626,10.06141320038776
1627,9.403818727287112
1628,11.908025148443265
1629,10.015648261160305
1630,8.410692175786373
1631,6.686063719910119
1632,13.561738707983148
1633,6.293521837092034
1634,10.455527924117037
1635,13.326416346006031
1636,8.274979385477215
1637,6.997860352200139
1638,9.981000500304113
1639,8.462692337707187
1640,13.93147376737775
1641,14.137919840791714
1642,13.69180126702168
1643,7.222272711097098
1644,7.030970465966164
1645,9.683882146385537
1646,5.818566613776066
1647,8.905447688616086
1648,9.003756324462913
1649,11.946251848728835
1650,-11.977423761217837
1651,-10.572010543487526
1652,-19.600891133292578
1653,-14.373230548364182
1654,-12.819485855180037
1655,-12.381432384232816
1656,-16.66693305907058
1657,-11.085757300165376
1658,-10.342187836972089
1659,-12.852210766858413
1660,-9.34919768254402
1661,-9.727145869207838
1662,-16.827090799899928
1663,-13.151396899094372
1664,-13.0719374998539
1665,-12.744546473303267
1666,-16.747291888661078
1667,-12.402297057426503
1668,-9.706372100910738
1669,-12.027900641390127
1670,-14.989176164973005
1671,-12.994889910160289
1672,-9.310688002740005
1673,-13.18327601757468
1674,-16.608055391838942
1675,-17.623289073179187
1676,-10.010997033955459
1677,-10.385635400139623
1678,-13.235693752732821
1679,-9.864179456361917
1680,-13.383837927048303
1681,-15.81764500962694
1682,-8.778244112008466
1683,-10.9358010725434
1684,-10.333383991264613
1685,-16.000630877614206
1686,-16.064643347031485
1687,-11.385168075248448
1688,-17.994536525344536
1689,-10.817391318892966
1690,-10.957669729222214
1691,-14.600034949110773
1692,-12.713254401168946
1693,-14.594265024544292
1694,-6.971947983396789
1695,-7.248308721853198
1696,-15.513295688699682
1697,-11.802257022583667
1698,-11.444191674657059
1699,-20.788616027513832
1700,-13.56930953443086
1701,-12.7490970668108
1702,-17.7852116811473
1703,-19.039983759478446
1704,-14.401932233620292
1705,-14.18350414984622
1706,-9.613284980830006
1707,-9.495789226194603
1708,-16.30820117124363
1709,-11.028306927147263
1710,-14.083071460951073
1711,-12.189448799521966
1712,-13.775703724005234
1713,-13.027892501386228
1714,-6.872048347936165
1715,-9.118797527487661
1716,-14.100371409351954
1717,-18.128265390520422
1718,-13.628321562052301
1719,-10.68771316588113
1720,-12.717527464425695
1721,-13.823716666865785
1722,-15.625032813151675
1723,-11.512938271767498
1724,-12.828346436472312
1725,-13.940188789662118
1726,-13.130433507668318
1727,-12.082746918789638
1728,-12.239013462854246
1729,-14.702582032940777
1730,-14.829479681190469
1731,-15.550432255165289
1732,-14.922435861546267
1733,-12.802061944905294
1734,-11.53310815211302
1735,-12.951506273287542
1736,-11.130220931179036
1737,-12.714399307530075
1738,-13.338347838263514
1739,-16.985718063725262
1740,-13.647550042708884
1741,-18.213982685547062
1742,-12.768655425993202
1743,-11.347211305875303
1744,-15.882282694594203
1745,-11.775017688135879
1746,-15.553351636366592
1747,-13.938187740091857
1748,-12.695346853775359
1749,-15.386718834235996
1750,-12.445776935002556
1751,-15.958619221324486
1752,-9.332484659807548
1753,-12.826771033298563
1754,-13.836399979310974
1755,-18.64825829470442
1756,-12.88608947854817
1757,-9.888302855834684
1758,-9.610534800233172
1759,-7.880662936100453
1760,-10.741066017399689
1761,-12.460754170242446
1762,-14.834684264202519
1763,-16.254127400800485
1764,-14.71206738745149
1765,-13.993670097349193
1766,-12.950273022464698
1767,-11.493657007814521
1768,-12.281981285583305
1769,-15.999633206822692
1770,-14.741703606641119
1771,-12.536633790904057
1772,-14.659267454646047
1773,-11.04676630644046
1774,-12.657086364143563
1775,-12.505678936042687
1776,-9.739978410329591
1777,-14.117776477286606
1778,-13.134749153793742
1779,-15.733137964880829
1780,-7.096669947180303
1781,-16.153790819262664
1782,-13.95709390888373
1783,-14.720708798300222
1784,-13.32436026078516
1785,-15.643541043141054
1786,-17.882390904773445
1787,-10.471127605287212
1788,-12.977705692884
1789,-16.699851012351623
1790,-14.34692148805312
1791,-11.041877678289229
1792,-14.701334062696167
1793,-10.368716694398252
1794,-14.226342429354634
1795,-10.53955036377915
1796,-17.335830965453162
1797,-8.38313977409035
1798,-12.180620507374933
1799,-14.939332179303781
1800,-12.554989078252552
1801,-17.522874530462445
1802,-14.498172563784188
1803,-12.852047958964135
1804,-13.36277372207354
1805,-16.227588512819363
1806,-15.769047863236072
1807,-12.120310267657576
1808,-8.68604501550665
1809,-14.530885619443977
1810,-14.005919054413377
1811,-12.994037595313165
1812,-12.439671912950965
1813,-15.531273872528356
1814,-12.960744314996253
1815,-14.634707611544409
1816,-7.450686751807606
1817,-17.117272475172477
1818,-13.950789812463132
1819,-13.567060276483396
1820,-17.246273055292345
1821,-11.548194882383811
1822,-9.132757939547655
1823,-12.239356238931355
1824,-8.410360514394526
1825,-14.581879664003951
1826,-17.2093615192987
1827,-17.76726362276872
1828,-11.701703658172725
1829,-9.930778519691426
1830,-13.089977547357554
1831,-11.419422457913123
1832,-15.350066636725055
1833,-14.101513040684452
1834,-11.85616966410683
1835,-18.328489641959237
1836,-14.120444339415812
1837,-12.85471282532257
1838,-14.305873809097337
1839,-14.487778949990965
1840,-13.492823003567327
1841,-16.07202962687412
1842,-11.866316192193839
1843,-8.66205649601948
1844,-16.12314136535196
1845,-11.58603836677057
1846,-12.327809568215976
1847,-14.772330803890506
1848,-13.822719575490787
1849,-13.722439492844764
1850,-9.490613042173395
1851,-16.333113736838687
1852,-9.605370923629593
1853,-13.257532581502943
1854,-17.483916852400984
1855,-9.177632842890056
1856,-13.803174465647539
1857,-12.105044804697693
1858,-12.930866862505928
1859,-19.06054515664254
1860,-9.972628208037777
1861,-12.28040729746217
1862,-15.569546569850333
1863,-12.277493672459292
1864,-18.201305843162093
1865,-18.30716639532224
1866,-16.07487135531886
1867,-13.460068700562015
1868,-8.356230094474991
1869,-15.186111958060756
1870,-14.213527509559059
1871,-13.761038508878336
1872,-18.79318634236335
1873,-15.627991052783008
1874,-14.198627446028217
1875,-9.554269180969087
1876,-11.947443731955776
1877,-13.54081873588669
1878,-17.63236569542343
1879,-15.91476832158674
1880,-15.40544478185323
1881,-15.510898148882461
1882,-9.126700501280293
1883,-7.292688435656097
1884,-9.508688989702668
1885,-17.203442406414872
1886,-14.653737815457704
1887,-7.90955820171993
1888,-8.467484035674431
1889,-7.5671627132805295
1890,-7.570817453818492
1891,-10.145867131487549
1892,-17.0853132597161
1893,-10.740673239221005
1894,-18.955853532876063
1895,-13.69451853428164
1896,-14.445064456941752
1897,-17.515941525374345
1898,-15.528834160493584
1899,-6.007764509781076
1900,-17.31400775969948
1901,-11.32613334168248
1902,-7.444455879691119
1903,-13.03988616344811
1904,-14.322943251550928
1905,-11.690711002408422
1906,-14.017373404668774
1907,-14.178683809924854
1908,-4.833995248816148
1909,-15.751703358334938
1910,-14.817745650390993
1911,-10.041778601317098
1912,-14.521459468351845
1913,-6.184076417052085
1914,-12.592172395428005
1915,-9.537876869152772
1916,-12.629993884455189
1917,-13.493724009770006
1918,-12.247092667257453
1919,-8.919230199895779
1920,-16.507085002744073
1921,-10.20048599783238
1922,-19.458020318725477
1923,-13.96606020845532
1924,-11.510449074327424
1925,-13.087488179650174
1926,-10.741339016830388
1927,-14.12853990746853
1928,-10.929481096545835
1929,-8.95053971656861
1930,-11.81069254521102
1931,-12.588024916414682
1932,-14.218362101243567
1933,-16.589992848892464
1934,-20.33235381332248
1935,-17.026231489085454
1936,-13.358800776538157
1937,-14.621521867292406
1938,-9.228281558881195
1939,-16.482715522066886
1940,-12.916432023273984
1941,-19.92273764167446
1942,-15.52046554554657
1943,-17.29352713976703
1944,-7.110586223696147
1945,-10.427774672312601
1946,-16.097098607513654
1947,-14.533735673417063
1948,-12.94330483099324
1949,-13.537026045807114
1950,-12.336636823633828
1951,-13.484813958404938
1952,-13.33644726888475
1953,-13.573183112171346
1954,-13.206852287107118
1955,-7.546971669908011
1956,-5.842272274986682
1957,-12.168050875195618
1958,-13.046030111905834
1959,-12.971970520743731
1960,-8.74114571181875
1961,-13.84527282731849
1962,-11.760450939793866
1963,-12.292512758326371
1964,-9.420047143254322
1965,-17.648182915605485
1966,-12.840523307797737
1967,-16.18504179160508
1968,-11.388928097411453
1969,-17.28989397621742
1970,-16.410946542024245
1971,-10.317860610669511
1972,-10.398731873393288
1973,-12.111322898751588
1974,-9.915498125538704
1975,-14.889102684549322
1976,-17.29895749976392
1977,-14.352163255630243
1978,-7.337992035213177
1979,-12.603045562869914
1980,-12.595837775901684
1981,-10.810604708434266
1982,-12.899581079174824
1983,-11.744763565681295
1984,-15.851329985782378
1985,-15.812335745087118
1986,-14.906492023574703
1987,-12.92359751760301
1988,-17.918033928569443
1989,-11.395934719531915
1990,-16.109537498521078
1991,-12.758994340349167
1992,-11.187513854898032
1993,-19.481015209958493
1994,-13.778248683954823
1995,-14.436214493851809
1996,-13.017647218767188
1997,-12.758448501269365
1998,-9.702709025611382
1999,-9.083076569137095
2000,-10.443566738317575
2001,-11.535073713457447
2002,-11.708190738681651
2003,-14.194542345188315
2004,-14.642470144304689
2005,-12.852202778236851
2006,-15.953129791355806
2007,-15.891634574010967
2008,-9.596812686510454
2009,-15.22004085995812
2010,-14.385720913941183
2011,-18.67175579796018
2012,-11.837608737259671
2013,-10.43073816278743
2014,-11.654206270913113
2015,-6.736325965287353
2016,-17.33328714756395
2017,-14.389855468998162
2018,-9.93268948939564
2019,-8.51156770329036
2020,-16.44986355087663
2021,-13.12792772943226
2022,-13.529942454711787
2023,-11.753530260818877
2024,-14.193929178578347
2025,-9.977488692523604
2026,-11.081026918088162
2027,-9.4597640898125
2028,-12.564527940040717
2029,-14.63546969745445
2030,-14.505729761131978
2031,-6.011871267198306
2032,-19.681264194802022
2033,-11.299473580466485
2034,-9.862758187671695
2035,-11.667706886493761
2036,-14.26128722886536
2037,-18.663275414236175
2038,-17.183095326988695
2039,-16.905023563593712
2040,-8.939047055089528
2041,-15.987566571857045
2042,-13.54536781765401
2043,-13.770891667824733
2044,-17.197561045735043
2045,-14.806399856185077
2046,-9.507639150166684
2047,-12.793117762781943
2048,-12.560725600135383
2049,-9.870263950674062
2050,-16.81153960760029
2051,-12.11243554802715
2052,-10.589192684986344
2053,-14.56013692331423
2054,-14.643117529953015
2055,-12.761416804544735
2056,-15.240509574186733
2057,-20.873538023070502
2058,-15.020118930705792
2059,-12.248474493322265
2060,-13.079865869428644
2061,-15.20205880094371
2062,-9.427391018258131
2063,-15.7662726269693
2064,-11.37586036438102
2065,-15.422086941145274
2066,-16.468975201942698
2067,-18.371927611493447
2068,-13.766113473699647
2069,-8.556974231543029
2070,-11.532727614710954
2071,-15.810652856675176
2072,-13.243297024767342
2073,-15.21421812256152
2074,-12.402488745260394
2075,-17.790753811895527
2076,-10.39675560020591
2077,-15.469773822509216
2078,-8.642342488526875
2079,-9.09705396942197
2080,-12.593849988985903
2081,-16.494152466673693
2082,-9.718912448612596
2083,-9.783981332433653
2084,-15.829083797634198
2085,-6.973371566431796
2086,-16.071466023109767
2087,-13.905906518833035
2088,-18.94075445068116
2089,-16.003826874149663
2090,-10.980813716556932
2091,-14.389543605525079
2092,-12.136615091164746
2093,-10.349902159896244
2094,-15.612534658113827
2095,-16.19188050749279
2096,-11.233029426740304
2097,-13.19828139348152
2098,-14.905376945446099
2099,-9.379665059757633
2100,-11.876986939582272
2101,-10.571224924411377
2102,-15.92707665214423
2103,-9.910643427762105
2104,-13.669970737202346
2105,-15.829571241138506
2106,-12.901746925979882
2107,-13.938220525832772
2108,-12.930960599762198
2109,-16.63195567025012
2110,-16.714381129329723
2111,-21.58087208589913
2112,-15.12477721934238
2113,-15.054041401110505
2114,-10.265137352352228
2115,-13.694132588521663
2116,-10.970115123486206
2117,-16.15087052025323
2118,-13.172313899657052
2119,-13.940698324843597
2120,-18.22132759014557
2121,-15.174589185089099
2122,-9.511654357763494
2123,-15.715513050744683
2124,-13.89912916448578
2125,-21.055551097908985
2126,-17.856725894641325
2127,-17.5283941959945
2128,-10.751496456601792
2129,-17.955484154621857
2130,-12.027531124518068
2131,-16.32203420436702
2132,-8.511640659204165
2133,-16.990875550663464
2134,-14.023630808506208
2135,-14.252200187296628
2136,-11.336417043363658
2137,-15.528408630551695
2138,-12.785792553638611
2139,-7.9709904097091915
2140,-10.691008414179407
2141,-10.26872271664032
2142,-15.6647677943432
2143,-13.884243394760562
2144,-10.080896940378647
2145,-9.01195336749622
2146,-15.229491222316813
2147,-11.142790091770319
2148,-12.606491451591822
2149,-11.269881863638343
2150,-21.069191334694125
2151,-15.312401301642975
2152,-12.382767342623072
2153,-11.649068896474146
2154,-10.24460548116609
2155,-11.388149355029544
2156,-13.944089000925924
2157,-14.869253229202405
2158,-16.18780174225804
2159,-13.48234618565298
2160,-15.137905471675245
2161,-13.741956009971705
2162,-13.26477372872834
2163,-11.743967352845234
2164,-11.825323794044012
2165,-16.477194500781234
2166,-11.323532371227373
2167,-7.64661805346093
2168,-11.195069166030017
2169,-11.507328662568744
2170,-12.199179055018716
2171,-12.41471526998389
2172,-10.066335990445948
2173,-14.334321666487554
2174,-9.895821831766785
2175,-11.398645523009856
2176,-12.36725620429892
2177,-14.050117888919493
2178,-15.373125452234326
2179,-16.244095391904462
2180,-10.84080664252019
2181,-13.122158815729934
2182,-13.962291250307747
2183,-16.84741799726504
2184,-10.17887108810711
2185,-9.996375699607334
2186,-14.651642193856691
2187,-15.085761932796833
2188,-13.863178655952082
2189,-11.892897071852815
2190,-11.598957652614768
2191,-17.00635614898467
2192,-12.03764948703962
2193,-13.501164183913465
2194,-16.467181263564918
2195,-19.90717892266568
2196,-12.412542971254602
2197,-12.419947259767385
2198,-8.215618130884486
2199,-4.728603022962515
2200,-17.373335541038223
2201,-19.537063010514974
2202,-10.335564510670853
2203,-9.514949834408228
2204,-12.869841002178518
2205,-11.83666716709592
2206,-7.376754479096694
2207,-15.943401606656565
2208,-10.929447167723964
2209,-10.931401447449296
2210,-11.210174693543227
2211,-10.761228164200467
2212,-8.949780037718892
2213,-10.205342292762499
2214,-11.009553895780911
2215,-10.187038679499766
2216,-11.34370599442127
2217,-12.586297071713028
2218,-7.609282424744242
2219,-16.15817810685447
2220,-13.724072379854936
2221,-15.844682883822784
2222,-11.634939297384257
2223,-13.088675288020568
2224,-10.486307222285152
2225,-19.03828118830507
2226,-15.672931102525354
2227,-17.210632337982048
2228,-11.618223354984798
2229,-10.031828229895897
2230,-11.637022029657262
2231,-15.240659246816513
2232,-14.304170495068242
2233,-15.178278783902048
2234,-7.587434885011044
2235,-18.20076720071753
2236,-13.186376595112524
2237,-18.86219790119855
2238,-11.435661065133138
2239,-12.79154671901861
2240,-16.011339478288182
2241,-14.016106842832091
2242,-12.710641875866742
2243,-12.418802247522105
2244,-16.44993937987905
2245,-13.924678547867526
2246,-12.326503278637604
2247,-12.34324247722761
2248,-14.915670879190541
2249,-7.672159465384689
2250,-12.716210639053362
2251,-14.144361146619833
2252,-13.578592822546769
2253,-12.368521032362137
2254,-7.932019759942515
2255,-14.561979787120567
2256,-12.60037901425935
2257,-12.534597632877707
2258,-13.317815441122674
2259,-16.5957283483634
2260,-14.591512305394785
2261,-8.695284167855888
2262,-15.252177873713938
2263,-14.327511292566836
2264,-8.390644520260743
2265,-15.156531258388014
2266,-10.233797566679971
2267,-9.235383276404932
2268,-6.227212336934026
2269,-6.392044903598984
2270,-14.898053117056536
2271,-10.838360632801555
2272,-12.684239764650014
2273,-16.46153630057214
2274,-14.434990536178649
2275,-10.700057318690726
2276,-14.176168232499482
2277,-17.08698114404518
2278,-13.968003128132047
2279,-17.81858442512541
2280,-14.852266267394217
2281,-14.387143518139329
2282,-16.724692199477143
2283,-12.794493809517691
2284,-9.563105819852087
2285,-12.276615090859677
2286,-12.082067932471803
2287,-13.718532304575485
2288,-11.877619602813187
2289,-9.487089790464337
2290,-14.975258422885222
2291,-11.06879932380893
2292,-13.05857170388921
2293,-13.800178435681811
2294,-6.270829674063686
2295,-6.7252671332184395
2296,-16.442418335905593
2297,-12.768557659465461
2298,-11.097870865356821
2299,-12.384047097952811
2300,-7.2910554226932565
2301,-19.19234866798366
2302,-15.646639906483186
2303,-9.69368572801939
2304,-8.45227631573341
2305,-11.681340116594807
2306,-14.073309659975775
2307,-14.210177007191412
2308,-16.203548229473906
2309,-14.770312865723819
2310,-7.628238739255715
2311,-14.08544198279972
2312,-16.133312105593056
2313,-15.658956394143722
2314,-11.353294653284642
2315,-12.289039824045926
2316,-13.988290972596424
2317,-12.135358283260723
2318,-14.48810150899014
2319,-12.906516737231367
2320,-18.28794607362506
2321,-12.999046716248525
2322,-13.067577311499587
2323,-13.100815010003446
2324,-12.753759079013344
2325,-14.120808025276634
2326,-9.344917785713273
2327,-16.363286810406844
2328,-5.572826761992474
2329,-19.50760532293345
2330,-13.79613078190702
2331,-15.596424324739216
2332,-14.205755766618905
2333,-14.517300241494103
2334,-10.484197252202017
2335,-13.805305429925832
2336,-15.274063843855599
2337,-16.6278881903958
2338,-15.530534016726815
2339,-7.818067635299315
2340,-15.489863532338234
2341,-9.946047318467002
2342,-8.446777273498764
2343,-18.865149268942684
2344,-12.604546408045262
2345,-7.649021664904123
2346,-14.275897632922122
2347,-9.093579042203011
2348,-13.608324289294087
2349,-12.981571214022708
2350,-15.56457553085025
2351,-14.078355368717984
2352,-11.286079489190534
2353,-16.2678574054904
2354,-11.87154507853202
2355,-9.203922303643752
2356,-9.535463115587923
2357,-10.79475539939566
2358,-11.102206078013264
2359,-12.101499061366587
2360,-16.851171561196868
2361,-13.203108999885657
2362,-10.863038344644224
2363,-13.953037003441159
2364,-10.29862530591177
2365,-15.711274760510621
2366,-17.217931526795102
2367,-10.960432525427388
2368,-12.423647271239732
2369,-11.748631537846569
2370,-6.263946958899913
2371,-10.72786289386396
2372,-6.976548840704728
2373,-12.757969266400435
2374,-16.27360106440185
2375,-15.417027263746018
2376,-23.88191220161133
2377,-13.947648285617072
2378,-17.55684881791166
2379,-8.770456429658523
2380,-20.642407967348458
2381,-16.744614897615232
2382,-19.39345714508142
2383,-15.621663888045944
2384,-13.666774716628066
2385,-10.622257346789564
2386,-11.200915870414306
2387,-7.6553819777435965
2388,-11.445797642110772
2389,-14.672852252254451
2390,-10.706827599434638
2391,-3.461026584597871
2392,-7.448744361742449
2393,-9.36590935255615
2394,-15.2460812902533
2395,-10.70045056731851
2396,-18.904721429033366
2397,-12.30634171687392
2398,-10.99233370917665
2399,-9.274211928848942
2400,-15.103678285780916
2401,-12.081512130437423
2402,-8.762209258324384
2403,-7.5171839813966175
2404,-8.227113094417629
2405,-5.918293524914995
2406,-22.710067929286822
2407,-6.543296127039482
2408,-11.522827953350266
2409,-17.26472356296277
2410,-19.431368487274366
2411,-10.962701090509691
2412,-16.423351481926925
2413,-11.047293668430544
2414,-9.411562274440493
2415,-21.71271123975601
2416,-10.638985015422
2417,-7.26965927865114
2418,-12.070849779143634
2419,-18.03746503416542
2420,-13.651592789633268
2421,-18.18983702435301
2422,-12.327139489750609
2423,-22.477201082106536
2424,-17.28056992153127
2425,-11.467689837060878
2426,-6.3677812403384095
2427,-8.677034282915965
2428,-11.389210123007746
2429,-11.506239516098866
2430,-14.630339599877173
2431,-12.132370571443783
2432,-12.132163612489132
2433,-5.4222754726223545
2434,-8.852897344678706
2435,-14.802570680588373
2436,-12.696555070333563
2437,-7.2254117869375385
2438,-15.265196383399113
2439,-4.963127233825853
2440,-18.101342468617368
2441,-10.635867349724093
2442,-6.263850904535567
2443,-4.384533927261885
2444,-5.8350060254536915
2445,-17.461413427152813
2446,-8.629302772120749
2447,-12.657126361049901
2448,-5.634386215487951
2449,-16.49977119688726
2450,-6.145131071052744
2451,-11.633635493873719
2452,-15.023520610495362
2453,-12.301228447489887
2454,-11.247449178897998
2455,-4.198227570311975
2456,-8.210718204318306
2457,-18.883623361041696
2458,-22.659770776504196
2459,-8.87171490686649
2460,-15.736015927849332
2461,-7.9270340122503065
2462,-11.437465909740206
2463,-9.2766890274434
2464,-6.251766941260661
2465,-9.242025118402822
2466,-18.60811318625764
2467,-13.180438124479485
2468,-11.555297527885662
2469,-8.921840387802227
2470,-16.3886675254921
2471,-11.51346802089565
2472,-14.397836465614068
2473,-8.490295090503734
2474,-19.077915216272572
2475,-9.630086825036857
2476,-13.234115271342198
2477,-15.31619242138974
2478,-6.083153040123766
2479,-12.225720439002437
2480,-16.451076081806008
2481,-7.008686292455878
2482,-20.00353597126442
2483,-14.636501722035735
2484,-9.200686839415278
2485,-22.892504833916323
2486,-4.879192438005821
2487,-9.6091145932228
2488,-14.799027206505512
2489,-13.675699362594685
2490,-9.714588595578943
2491,-17.843472625915087
2492,-13.742699782975953
2493,-12.925553265496278
2494,-11.218212266025455
2495,-14.672144816742506
2496,-9.621978145740869
2497,-12.058071197483283
2498,-15.712903249850259
2499,-21.381911649029632
2500,-6.3590108381307555
2501,-23.507781373068482
2502,-9.749991130347013
2503,-9.009885088687696
2504,-7.828045154379923
2505,-7.363110410210153
2506,-10.917039785143416
2507,-18.13812964443539
2508,-11.153657825127759
2509,-15.594636368475893
2510,-18.123286986011397
2511,-7.600358678329296
2512,-18.0669597467413
2513,-21.457136560782665
2514,-16.77518227851947
2515,-6.000707110464884
2516,-10.129571974737352
2517,-17.73464357037673
2518,-9.99496001195335
2519,-20.662959377946347
2520,-19.440228705339127
2521,-11.376672039543683
2522,-14.025063918542154
2523,-15.694786796021027
2524,-5.192100378360032
2525,-9.056638877684673
2526,-11.19599372375568
2527,-11.658229438222655
2528,-12.18411611335334
2529,-24.07464886492437
2530,-12.975406830124996
2531,-16.386769602803177
2532,-10.10784339573844
2533,-6.0260817665631805
2534,-9.297986244650703
2535,-16.984381642566802
2536,-9.052249468815043
2537,-12.20669972128422
2538,-22.288930938694694
2539,-19.25499495842602
2540,-8.958835466455323
2541,-23.742740634688875
2542,-15.860119964208806
2543,-21.22924800969222
2544,-11.433867637775334
2545,-11.396009235541218
2546,-14.565811304497306
2547,-11.787039784838099
2548,-11.684216895208307
2549,-10.452727885537891
2550,-18.703659697904765
2551,-15.02017731867192
2552,-13.444822878655785
2553,-15.95334144696658
2554,-21.200939060551445
2555,-16.62778409138356
2556,-7.845319430466046
2557,-6.900433628726829
2558,-9.12257955195957
2559,-10.160237027216532
2560,-6.888621795043677
2561,-5.612478155322872
2562,-18.584290389000262
2563,-6.969232696501597
2564,-14.273169258031528
2565,-11.34413366060375
2566,-15.436326899924262
2567,-8.356253308697989
2568,-10.4172615039346
2569,-4.639974389424905
2570,-13.813494431335236
2571,-9.667532063528391
2572,-12.324608341533562
2573,-5.856549869320584
2574,-6.614655587295231
2575,-15.932507176198834
2576,-8.669281611360267
2577,-13.940119599957097
2578,-14.874618574945469
2579,-9.113409792681024
2580,-9.286353414542775
2581,-13.57497417915388
2582,-12.020604351196681
2583,-7.160038345918589
2584,-12.466963567485342
2585,-8.709635658224306
2586,-15.529671604423694
2587,-17.923766463904567
2588,-19.912802011668163
2589,-11.137998407485256
2590,-18.377576080319386
2591,-16.558726196837245
2592,-9.860317960512141
2593,-11.964598057732983
2594,-18.255830601685034
2595,-12.133391288967232
2596,-12.610307413603143
2597,-24.69846977007318
2598,-12.587583500942312
2599,-10.156019586923625
2600,-7.111788416155527
2601,-21.684993333936536
2602,-7.6000722297647245
2603,-14.684091668897175
2604,-8.956033787563214
2605,-12.828280998318093
2606,-11.763149511189082
2607,-18.762854734955297
2608,-16.113074383718793
2609,-15.418822493483876
2610,-6.942982527983093
2611,-14.57860337468729
2612,-7.246248337504711
2613,-16.428911240388285
2614,-4.200970314521864
2615,-7.407402529078403
2616,-16.57220853513337
2617,-9.712879230116334
2618,-9.315802412511802
2619,-11.63348881230541
2620,-5.647068161313538
2621,-8.289491685887286
2622,-9.80091776670236
2623,-14.55650755929209
2624,-12.583403965658855
2625,-7.592955627058693
2626,-9.91155702408276
2627,-12.018797850639789
2628,-23.68879056061998
2629,-16.202227982517215
2630,-18.842673799756245
2631,-8.342486376925805
2632,-19.214055928307328
2633,-10.131749364002603
2634,-17.42392128783133
2635,-8.086340406968342
2636,-16.011472775543773
2637,-24.725215767806525
2638,-21.971098940497495
2639,-16.31957858473149
2640,-10.095886394313581
2641,-11.256945858841712
2642,-8.913880845478113
2643,-15.123595366142341
2644,-8.138394285474336
2645,-7.502612611297939
2646,-10.47633486711066
2647,-9.050458021271483
2648,-23.94055653987114
2649,-9.369528815508842
2650,-9.018738909885695
2651,-19.13390440678034
2652,-13.692507069387768
2653,-15.192242760102648
2654,-8.935825532447595
2655,-18.722369775591503
2656,-10.917053292715053
2657,-5.241248646365632
2658,-13.349847907856832
2659,-4.615759374199035
2660,-13.272099237158667
2661,-11.536692995256864
2662,-5.661589851912998
2663,-9.428622210493586
2664,-14.287516195210507
2665,-14.588352270943748
2666,-9.272351875922988
2667,-8.56990171163435
2668,-9.784320514634489
2669,-12.616594982505884
2670,-8.949899903405951
2671,-9.901330873434325
2672,-14.372625924921334
2673,-18.866439668561824
2674,-17.316105322324006
2675,-14.964370856139798
2676,-14.157175550877014
2677,-10.61171313814627
2678,-31.73833691762291
2679,-6.310657855696415
2680,-24.978844911507128
2681,-13.301092644914915
2682,-11.516306473218775
2683,-18.038569673985542
2684,-13.216217767757335
2685,-16.928677891309984
2686,-10.497861687876425
2687,-22.711950914134583
2688,-9.395578582869389
2689,-9.811267504463876
2690,-7.830552148129548
2691,-19.144181185355073
2692,-11.756186325936334
2693,-7.303547277703263
2694,-10.107741366284184
2695,-8.091924184681776
2696,-17.183330462735523
2697,-17.617954753945696
2698,-16.832468978042566
2699,-13.819871273534831
2700,-11.3958602574212
2701,-14.217886708496518
2702,-16.518414157422125
2703,-12.38841082291149
2704,-6.930349169769917
2705,-8.77205544991762
2706,-5.432080721760303
2707,-13.614574066386428
2708,-10.4062696210972
2709,-11.488493997655825
2710,-15.216228506619386
2711,-6.6516898484570754
2712,-12.887683432983268
2713,-16.90964319602556
2714,-7.924500780821769
2715,-12.953646825688557
2716,-19.39967255565683
2717,-10.841303050925845
2718,-19.909373123651392
2719,-22.09322364845288
2720,-24.51957514784835
2721,-12.738203242298129
2722,-16.68140666010904
2723,-14.735115679837186
2724,-18.697905925150472
2725,-6.499254416186546
2726,-8.322945425940196
2727,-9.712458368118776
2728,-7.936822281751039
2729,-13.51353252768927
2730,-17.173256470568916
2731,-8.536691984696903
2732,-19.349322078128893
2733,-18.52813889052208
2734,-18.7463031006906
2735,-18.73380988837346
2736,-9.865246953886007
2737,-9.004009693033444
2738,-11.886070733200237
2739,-3.7897289705412622
2740,-4.822162365357187
2741,-8.550815580658496
2742,-16.98818474139751
2743,-10.059873870520148
2744,-9.723330798026357
2745,-15.60098760454261
2746,-5.523033608909961
2747,-13.757202559555193
2748,-9.86107084406203
2749,-10.719333962643612
2750,-24.566043173244303
2751,-16.516614209172612
2752,-16.80553191869693
2753,-16.749101986985284
2754,-10.23841096983916
2755,-17.486680355357276
2756,-14.036708571131479
2757,-14.587107403933073
2758,-10.907288031299322
2759,-16.764619081985586
2760,-8.206043754079012
2761,-16.212988141072543
2762,-10.749243206409083
2763,-12.421633436553975
2764,-14.665937849630977
2765,-15.992714897444754
2766,-14.361620535588546
2767,-13.688696047816103
2768,-16.565660792851556
2769,-8.933048856732373
2770,-13.322072309561225
2771,-16.37709621202038
2772,-9.848529011527624
2773,-11.736037039868489
2774,-18.15045086803548
2775,-6.286922424897409
2776,-15.67878863050162
2777,-14.27319720229733
2778,-10.246048037620907
2779,-14.099150652804342
2780,-16.18165275767374
2781,-24.394553683902746
2782,-13.176513205224078
2783,-10.199096186808227
2784,-13.02182165221618
2785,-5.764543818132113
2786,-5.353172412600856
2787,-9.420198482046569
2788,-6.254978963543604
2789,-11.063775161817293
2790,-8.034637203051107
2791,-10.318650839439305
2792,-31.034146599928
2793,-13.337275394554558
2794,-25.669797568463462
2795,-11.721293486049332
2796,-5.033096058597887
2797,-14.074116812258431
2798,-5.313834158538155
2799,-11.0440946205402
2800,-12.343162248810755
2801,-7.930785638556859
2802,-8.897390999311474
2803,-23.582773048750784
2804,-10.376520974501766
2805,-11.288024856090617
2806,-9.571091566575513
2807,-10.830193337097962
2808,-20.492419461139324
2809,-23.276613233065397
2810,-8.604325295858274
2811,-12.605324430337022
2812,-22.071523384718436
2813,-14.62413791711753
2814,-3.3511653685273126
2815,-10.163710307010389
2816,-10.21961453637552
2817,-16.172743115221092
2818,-12.976823014521528
2819,-12.842359305840462
2820,-6.290420558481667
2821,-12.93081925693693
2822,-20.495889913093297
2823,-14.129237576354933
2824,-5.335677049832715
2825,-18.19423474039015
2826,-11.833166011317699
2827,-7.908762135903367
2828,-15.48933112663445
2829,-5.227307139694738
2830,-14.504161368377607
2831,-12.857375024422122
2832,-6.948114622702136
2833,-7.50732005093585
2834,-11.820360419895115
2835,-7.687850984559044
2836,-11.969859190215951
2837,-9.097592416351336
2838,-5.424717526713934
2839,-13.110638014903518
2840,-22.42032438518695
2841,-12.112221038772296
2842,-16.548463395571396
2843,-7.473832272577006
2844,-12.299759220161352
2845,-9.870326674896479
2846,-16.319520720096378
2847,-30.036649175738155
2848,-12.217531038501685
2849,-12.044063223868683
2850,-18.56519609489812
2851,-12.851033073601055
2852,-15.816492923384354
2853,-10.56284229438323
2854,-7.732695637169034
2855,-5.593797109002232
2856,-6.806016375719436
2857,-23.224630746558965
2858,-8.474678385157132
2859,-8.356195282981863
2860,-10.332003452109195
2861,-16.003012009699965
2862,-13.013881188555047
2863,-13.283391115096824
2864,-23.07248855664884
2865,-11.46066672921196
2866,-10.905245134950869
2867,-6.278667822528888
2868,-16.007201161500415
2869,-16.64250697190646
2870,-4.884202548467928
2871,-12.211457677652033
2872,-18.103054332760266
2873,-16.834166076980935
2874,-13.401306193454023
2875,-15.999223581145358
2876,-6.857661422991116
2877,-12.267051507058818
2878,-11.649933817817784
2879,-9.207973158280293
2880,-15.425365587161432
2881,-21.552485851840807
2882,-8.89269974014541
2883,-11.294066122632985
2884,-13.347247545503121
2885,-20.76366288187609
2886,-14.226834313796315
2887,-7.48023233928352
2888,-7.7624479707647716
2889,-9.4652366753701
2890,-10.413147873285146
2891,-8.363192191219959
2892,-7.92518903981071
2893,-17.58071665087155
2894,-15.87771653840537
2895,-10.858689720860843
2896,-15.111169564573196
2897,-15.200696468776046
2898,-8.188658927635917
2899,-13.547970208135272
2900,-11.577222934808226
2901,-19.91727793560188
2902,-9.665113119410329
2903,-7.379079008621744
2904,-14.97257938049409
2905,-12.196829971823993
2906,-7.8863724821264825
2907,-8.578476271860769
2908,-10.482120461665538
2909,-22.384767715321455
2910,-5.703029655361652
2911,-11.398851031495914
2912,-18.252848166664275
2913,-15.670479706159393
2914,-20.713845603026844
2915,-10.128583675781723
2916,-9.019069841566324
2917,-14.503741532810926
2918,-16.15568254200346
2919,-16.449744433156948
2920,-19.05148470878052
2921,-18.90322609839611
2922,-8.930213672162155
2923,-8.210047355422441
2924,-13.413878082096245
2925,-11.538057764732741
2926,-9.43182081542116
2927,-5.464095862849284
2928,-20.321876353176357
2929,-30.918091134370393
2930,-13.991877557948195
2931,-23.411299702951172
2932,-11.736843164391262
2933,-9.262471425680713
2934,-8.431392157401712
2935,-14.114000316683754
2936,-16.70491431367188
2937,-11.353626558085308
2938,-9.911823577098039
2939,-17.937758537278942
2940,-10.943319653208045
2941,-19.322188109096373
2942,-16.76538637959168
2943,-18.67641084200663
2944,-15.84599976351107
2945,-19.85204086174752
2946,-8.315572931050653
2947,-7.451917596719207
2948,-12.433857124070983
2949,-16.702374843890638
